ax,ay,az,gx,gy,gz,mx,my,mz
0.301194289343937,-0.065146549892444,9.83796386103399,-0.00135670341773054,-0.00137452878309555,-0.000753637756169258,-2.69937425902611,-8.76009065416819,-30.9712401841145
0.335280802976629,-0.0654257997439109,9.81163796193798,-0.00323712055179969,0.000442552999080711,-0.0017900118712709,-3.51191397338419,-8.96839144093363,-30.623059109332
0.309767963362147,-0.0605385360523846,9.80873728847126,-0.00129132147610265,0.000366563280279607,-0.000857656633683933,-3.68189548757241,-7.93256567314339,-31.0391350706635
0.324922496119463,-0.0533945929887377,9.83865785538629,-0.00357443166504088,0.00132387453639681,0.00038717608968747,-3.72012327998367,-8.24832270598565,-31.8731201895403
0.340471186753599,-0.0909240057440741,9.80668979539848,-0.00179301154059413,-0.0010059198616369,-0.000109686982907927,-1.80881040907209,-9.03900571249448,-29.6730725553196
0.299106877974757,-0.070953621633424,9.81992463822895,-0.00202935600613827,0.000272785382599578,-0.000344014158836345,-2.35108391259169,-8.86438585286609,-30.4830628189594
0.328204362699625,-0.0855322928523705,9.82234893622512,0.000558774758560993,0.00124668723758455,0.000505080943971191,-2.74673664937187,-8.37196937715883,-31.0296978254271
0.319100642203802,-0.0687594454351855,9.83908460577544,-0.00190750210558334,0.000437227297866624,-0.000132792046137833,-3.25377657471897,-8.23611225631644,-30.1537155981622
0.306107848220662,-0.0695440637468149,9.82605472197958,-0.00247731760536457,0.000274596624682021,-0.00181061180360116,-1.88057384892146,-8.75319348397631,-30.0530844946414
0.337396649999299,-0.0742028632545575,9.840104084913,-0.00289499757344961,-3.20769628703934e-06,-0.000796427767668483,-2.80183543183628,-9.10621790462217,-30.1001860378113
0.327817968782621,-0.072580014817873,9.82556463165696,-0.0020593077096893,0.000382328511375995,0.00148383725826267,-3.43478642318454,-8.8354679419533,-30.7053014678976
0.316018715865235,-0.0676445134919642,9.82683775900788,-0.00334937622085593,-0.000562080525583494,0.000103711569146815,-3.98480227017915,-8.02322137555737,-29.8071532536817
0.305984162228426,-0.0586249209105314,9.82472371252575,-0.00027302608824541,0.000140470149332912,-0.000294516367097602,-3.68636255693859,-8.32646865889874,-29.7448484900206
0.312550270666898,-0.0809588688339466,9.81165201191811,-0.000616035037039041,0.000974467682261201,-0.00111914669309011,-3.59261058086575,-8.43913746225343,-29.850983054868
0.320019826306812,-0.0798906638557935,9.81074776851045,-0.00145954593841073,-0.000542918094374891,-0.000631205626835946,-3.31546699424857,-9.36764222076118,-31.5928577548834
0.304272107189282,-0.0841234964682357,9.81919081433436,-0.00112144282263575,-0.000959118240282687,-0.00141679177836656,-2.42010855968733,-9.18881209454011,-30.9098280489482
0.319015954603192,-0.0792681580720922,9.83222944838627,0.000405507511262734,0.00017191276370001,-0.000239253812621582,-3.36570489098553,-8.16411863525625,-30.7643704618618
0.324954249560868,-0.0741993351929955,9.81792620399696,-0.0015768038571666,0.00191060071343278,-0.00227181567770648,-3.43584720222795,-9.31091181508945,-31.0920495543528
0.341637486779587,-0.0733103693513906,9.8103596436442,-0.00100162522272731,-0.000184465904538934,-0.000874579250526643,-3.88159387842573,-9.2390836358835,-30.5309383644185
0.323992870413909,-0.0695738237151873,9.82463477433607,-0.00283881220475654,0.000319536293753135,0.00118045549342835,-3.65191905274147,-9.01217045552606,-29.7345055292401
0.31547823734634,-0.0742915986183145,9.80190444632246,-0.00273587135310969,2.22418012470016e-05,0.000221315656862299,-3.85940534032237,-7.81293167125131,-30.6237178418387
0.32565493357298,-0.0686633011372502,9.83356829779629,-0.0028240961160321,0.00112425958316657,-0.00169592043815259,-2.77112147412987,-9.5431906745401,-31.5022600149099
0.316638284718836,-0.0783599324344099,9.82912152577716,-0.000426381144676209,-0.00129360377249248,-0.000864364269087005,-2.1485097465434,-8.89503950002243,-32.0399366542154
0.339442090040761,-0.0878832012725474,9.79997752288839,-0.000363775359430073,-0.000230161347928777,0.000557739555088445,-3.80725382375426,-8.00885052205827,-30.0528937220312
0.32156802734483,-0.0772126714771925,9.82675258652284,-0.000958457542410388,0.0025701949205423,0.000742077714329585,-3.42429103017284,-8.81174690107522,-29.9149619003121
0.326040872749367,-0.0606444115745284,9.82815616342578,-0.00154714635351462,0.000112616685046608,0.00065420719429346,-3.42191215837953,-9.49601297691342,-30.3549219674504
0.322755406897468,-0.0890721017006418,9.82778207769086,-0.000875582647728974,0.00133102586182669,-0.00127023722450658,-3.35489786724965,-8.4950160194882,-30.3126414003881
0.306312047457441,-0.0577289443550217,9.81733400171271,-0.00334145491450917,-3.16759777241026e-05,-0.00027731497714,-1.76056838796046,-10.1468817120473,-30.9504021141388
0.32156392152416,-0.0910822590286391,9.83370750670483,-0.000219979522815105,-0.000411710444057579,-0.000634857652436114,-2.55514929107083,-9.35229646152269,-30.388900192368
0.324460854579675,-0.0825701090654879,9.81580331157284,-0.00110348791888266,0.000227450781463333,-0.000255152742974532,-3.57532129066521,-8.00182004452188,-30.3260020274586
0.331252866452662,-0.0640365025063473,9.80086571618983,0.00187016767613741,0.0016015436093637,-0.000333888385253379,-2.67558776101301,-9.39167886517173,-30.6037237477341
0.309035894196114,-0.0739421776950932,9.83139160896465,0.000557622357409257,6.33650118758113e-05,0.000803613891725709,-3.6500292709825,-9.03690820784854,-30.1996061330021
0.327017005028648,-0.0787726786621265,9.80875947340142,-0.00201320248850507,0.00046388590906722,-1.01422030044275e-06,-4.27400949124036,-8.25774199112455,-30.9452108390909
0.353158667069357,-0.0755609298404084,9.79189069877308,-0.00189681296901638,0.000865552565152275,-0.0017772262981167,-3.71028262605284,-8.05619135038879,-30.6663983351374
0.318705507624675,-0.108839412701958,9.82219411950633,-0.00138802804344414,0.00071813633110981,-0.00103595768644498,-3.08079254402361,-8.86553618702979,-30.018614515947
0.329503247966255,-0.11127705002803,9.82432597054815,0.00026492348462994,0.0037938727678548,-0.00047128744762407,-3.0142407897859,-8.63029155407646,-30.2793243139177
0.319375727225722,-0.085173936648842,9.82231498606112,-0.00440446424372893,0.00103237086676253,0.00122160232766076,-3.26727088424334,-7.8595119828087,-30.3175423622487
0.332925478150141,-0.0594926579164757,9.83545690781496,-0.000796454650415813,0.000787027049109763,0.000572530091856656,-2.13154370853494,-9.34336926357701,-30.150499951856
0.315187721168198,-0.0764464388752141,9.81037373901456,-0.00125144870904822,0.00159175094149032,-0.0001503883897959,-2.11925901852742,-9.49748268134014,-29.7843750859651
0.305546384405384,-0.109315547346476,9.79944536778454,-0.00215342963609658,-0.00013313671086242,0.000421677293182412,-2.97314484932408,-7.7201204034104,-30.9269785683366
0.319908043297599,-0.0713780044996428,9.81352456994102,8.02949529067341e-05,-0.000478804768966374,0.000843879544165606,-2.65689872491144,-8.71740611613068,-31.407300548634
0.329214465507953,-0.105306067866362,9.819485788164,-0.00262409703799975,-0.000796131811240821,-0.00176491411471505,-3.74935898293661,-9.43594338270684,-30.8718418504212
0.335235551793147,-0.0935582583368499,9.82867199417865,-0.00335786334759337,0.00198652883083739,-0.00116914778782863,-2.45758365656098,-8.9782441761847,-30.6107821782609
0.32263764577768,-0.0875844336961844,9.80972590028586,-6.07564118892305e-05,0.000873113450209693,0.000262010585307507,-2.57782342950039,-9.28515916219401,-30.5160118171544
0.315206110558539,-0.0652437241797362,9.79903780131695,-0.000892901860982294,-3.59857171238886e-05,-0.00216214732013075,-4.50493226498329,-8.2229645422953,-31.4900930235662
0.330242944061552,-0.097013756223512,9.82234263787687,-0.00168803278569617,-0.00101224283261863,-0.00102797749203153,-3.57373532501748,-8.92680407437086,-30.8777213511481
0.303603308045463,-0.0748908314043274,9.81540992322309,-0.00061483448042993,-0.000364237793010831,0.00229632817825797,-3.00346968515482,-8.918830632292,-30.0025326567183
0.326116907252322,-0.0850540980493178,9.78716109631147,-0.000921528518964278,0.000365518916906161,0.000864600762886672,-2.82361417707587,-8.73760320310019,-30.1035848008749
0.345926049077899,-0.0747089810311346,9.83181358707065,-0.00127136898102987,-2.45320157848456e-05,-0.000376904848924784,-3.30895023079171,-8.86502124620926,-30.3295835626271
0.328910922426712,-0.0757227288700233,9.83643227102583,-0.000926482369271758,0.000837654849351721,-0.000159779292759139,-3.28129574254685,-8.00313962473639,-31.0667587021868
0.31601964905304,-0.069734964581893,9.8114467976465,-0.00157435249065829,0.00204367864866365,-4.48888030572937e-05,-2.65540786893974,-7.95490616113941,-31.6336460990713
0.313988696357308,-0.0673650024990376,9.82228944920479,-0.00237723579034769,-0.000137554414690408,0.00081145912928397,-3.05142785048603,-8.89934260204009,-30.1392303415108
0.320901461447077,-0.0851312143033383,9.82422233067903,-0.00108722059575286,-0.000499773149032183,-0.000132954539685278,-3.22247497445957,-8.79278053747479,-29.6373415246895
0.320789445432038,-0.0738466738681273,9.8232616893026,-0.00126161724269998,0.00105418481043069,-0.000398375993127026,-3.66947389091967,-9.18293844028483,-30.3261685599455
0.32394785193849,-0.0738497678857218,9.81927928805287,-0.00431978159661811,0.00176277734013838,0.000291842217660747,-4.93713293647137,-9.07792972803053,-29.980440113555
0.333305485578121,-0.0918249147530435,9.8207910275951,-0.00200204540363284,0.00111962606062779,-0.0015450518373877,-2.91596956136133,-9.35385737656343,-30.9887581720464
0.336074807026579,-0.0685589280324253,9.83133011003296,0.000843029967387792,0.000553165575249284,-0.000874437580426836,-2.40069855321803,-8.64141526763594,-31.4320939374203
0.340957597335746,-0.0740570116786238,9.8333149836167,-0.000892061991456181,0.000447426596730726,0.000195087604448332,-3.78242215718632,-8.34963567097521,-30.2963027664856
0.329596744126273,-0.093033615143366,9.79459898052064,0.000195200382361167,-0.000694827065355069,0.000653889248748164,-3.03640575127914,-8.40004782497834,-30.1320697901799
0.307035167484216,-0.0629662774357033,9.82893220933186,-0.00215405465647687,0.000622650212321651,0.000488764407944965,-2.77768398637348,-8.39408170712802,-30.0812741077286
0.325089897915045,-0.0651877916476068,9.80823501222365,-0.00134142813553211,0.00192773213417984,-0.00123488449356956,-3.59234632914672,-8.61948053347222,-30.5737073205693
0.332326890230137,-0.0904718665144326,9.8074367191889,-0.00145090953547255,0.00201462261119727,-0.000473438158209011,-3.89957792186994,-8.90324212692378,-30.9170363891643
0.303381596313863,-0.0916745083184958,9.81265047362981,-0.0037095006196704,0.00108372271377487,0.000266678639678727,-3.48869452790948,-9.19257816386297,-30.7419960433927
0.318127693689545,-0.0640055240042155,9.80964732206754,-0.00248303934656128,0.000732158168802973,4.88734158810374e-05,-3.55940546058301,-9.45717324953992,-30.2719132819563
0.330466007728807,-0.0677805026981822,9.82193778366972,-0.00281974980983639,-0.00131841944276053,-0.000735465405939891,-3.10876855749642,-8.62167804127558,-29.6452367123782
0.310432469677908,-0.0529692523125988,9.83106168365867,-0.00252844001410866,-0.0002563660256596,-0.000238323026476068,-3.00015845631147,-8.48819791403277,-30.7465887376523
0.344106821521017,-0.0556002433150568,9.81601788991466,-0.00143330598027,0.00101575361385912,-0.000175204967753577,-2.99612769366533,-9.67804951632691,-30.6504569770626
0.320458928354856,-0.0547113307917805,9.82692500944236,-0.00143190568399779,0.00126630788589086,-0.000672662589997498,-3.61955546436032,-8.5935883057692,-30.2836187019186
0.334741480433265,-0.0939463552675719,9.83174019317314,-0.000299966403860541,0.000664187920574022,1.67514169112922e-05,-4.22077239299681,-8.33957890637209,-30.4239613413109
0.328564009205443,-0.074173842552125,9.82328124467936,-0.00164540957428061,0.000736308927826176,0.000900810979935831,-3.69366688529501,-9.37164738980575,-29.7498153702641
0.330285783866884,-0.0593233047079462,9.83194946374298,-0.00554297217023552,-0.000456299139051999,0.000225213077024028,-3.34040381060951,-9.59902507298042,-30.5575481849162
0.316542074706438,-0.0843222263997102,9.83294743204002,-0.00173440440122613,-0.000143431779164453,-0.000424982131127233,-4.33660028238086,-9.60793672266892,-30.3124199231919
0.308089807740175,-0.0803745486684359,9.82039249921757,-0.0014622424390216,0.00124300095873152,9.13959633005577e-05,-3.47750485179674,-8.85072607397582,-29.8279500755367
0.318739139997977,-0.0752593282297904,9.81873286493894,-0.000175396495991171,-0.000314678419526609,0.00124669330174936,-2.78394161191103,-8.54973240250627,-30.7605660398704
0.327525763650778,-0.0730870329045885,9.79007817689101,-0.00130552924452473,-0.000410161218823753,-0.000310753371201773,-3.35563953950465,-9.48040307487339,-31.2364621835621
0.343488140282414,-0.0779137908819169,9.81567953978501,-0.00277051986388455,0.00196044733662638,-0.000430541561541552,-3.66831272898274,-9.16218088650186,-31.2522391199331
0.3413604573507,-0.0859516226090357,9.83428736917458,-0.000952562666751369,0.000999127476750284,0.000232306244508608,-3.37657494801637,-8.23684737038199,-30.2859919453515
0.319835873546954,-0.0731393340121986,9.82271671285992,-0.00142886062343871,-0.000396444729067065,-0.00133911858252119,-2.73221511268591,-8.99300021058127,-31.0239124521109
0.324416448562639,-0.0777618830332647,9.82166468875078,-0.00186926531784376,0.00113965423937575,0.00039985483315748,-3.49786351137358,-8.685202158176,-30.8983667132627
0.334940580772676,-0.0599409924537746,9.82142184971485,-0.000726997264381496,0.000736100123126128,0.000627306867203593,-3.62147022028871,-8.37516089458066,-30.0467820257295
0.311513488074605,-0.0868654358620859,9.85224563266421,-0.000691672570552591,0.00113081584296467,-0.00219010731455682,-2.96199673023779,-8.6358322328927,-30.5655052604128
0.31169356793553,-0.0784752858932481,9.82518984022985,-0.000907464048100819,0.00121349763526831,-0.000363142178597035,-3.07252353206929,-9.32560624846311,-30.7164843378807
0.311700564791047,-0.0680043052127346,9.81905897240648,-0.000793494528964902,0.00127423012215042,0.000212714250311538,-3.56226176969792,-9.36847082845591,-30.4656672865215
0.316822099214853,-0.0797362011305615,9.82029317340674,-0.00199306795763184,0.00160326599184228,0.00070924871095044,-3.33367476292538,-9.6689328356435,-29.9327532489836
0.339740772124791,-0.0810251209869735,9.82291395532573,-0.00162476073139748,0.000929187894433008,-0.000302164880459707,-2.07157309670826,-8.42726051778157,-30.7442113629957
0.340162740850853,-0.0900421572457396,9.81945879628828,-0.000809665887653957,0.000911828974673976,-0.000192157072561669,-3.13837185100522,-9.2172539722254,-30.9676788964089
0.308002962141013,-0.0878999235162916,9.8095040418083,-0.00358289261713315,-0.00034298877209396,0.000393769907340988,-3.80805063426579,-8.6242049227447,-30.6005350904138
0.345722966793497,-0.0964500778341997,9.79676735542064,-0.00191468762874783,-2.5484671915965e-05,-0.00107242408526601,-3.29103320245227,-9.19589478565595,-30.7775015898497
0.31809301424283,-0.0617414692471478,9.81195044223144,-0.00133751425799169,0.00171021448542306,-0.000811659688836213,-3.42368450331994,-8.5718179136829,-30.9806824065617
0.322804506145331,-0.0590878839339081,9.80424258863837,0.000254908848649005,-0.000357518470129086,0.00140021996935854,-2.88803451633326,-7.98772373402644,-30.6546921762494
0.345299268865959,-0.0662263303670763,9.80856974155526,-0.000812239321214507,-0.000261640315923955,-0.000630676298921997,-2.80077516503661,-8.97497813370206,-31.0527207273488
0.309489598055221,-0.0775383985914322,9.83756014453176,-0.00213860631044183,0.00120651823656364,0.000242093420540386,-3.32930479792153,-9.32099550941074,-30.2855752944613
0.316350444098626,-0.0717875874367464,9.84458247219592,-0.00141375974485099,0.000853720411150115,-0.00053061136932597,-3.34330402734402,-8.3850215534383,-30.8403693907172
0.314881382792457,-0.0809929769768039,9.82822536394533,-0.00165691635003943,0.000456721178288839,-0.000357740798724647,-2.1057687222271,-8.63879585824955,-31.0672694749128
0.337717161282392,-0.0750859634916514,9.79637476934025,-0.000437196602017058,0.00105875553403525,0.00153173773128925,-2.1684900618974,-8.71128468408409,-30.0781494109523
0.328002931400074,-0.0824770328033845,9.81705556859588,-0.00313772453443883,-0.00136512516717255,-0.00111248597544022,-3.16774799014638,-8.52579755167375,-30.2952297441166
0.318857997991083,-0.0632154966668962,9.82407681306412,-0.0032612935628283,0.000526669085384151,1.39719652000045e-05,-2.40340115719945,-8.2854801782182,-30.6215180075829
0.331574626235012,-0.0818908027462185,9.82351565629179,-0.00116529269015188,0.00138699055743224,-3.96332742122432e-05,-1.71072587290016,-8.10244540318472,-30.0409748856195
0.306110001865641,-0.0858617094578143,9.8223130481614,-0.0038633162853521,0.00172942091322709,-0.000953560602788237,-2.98990317021018,-7.21593313717994,-30.0215638721156
0.334109123205504,-0.0480654542485566,9.82110968505396,-0.00097206930743033,0.0010753670487989,0.00137900334197616,-3.4050884996769,-8.08322543519776,-29.7104320036927
0.330514772757307,-0.0487377406251325,9.81791366993039,-0.00169227825913237,0.00188313956854622,0.000836817065618548,-3.00880578127533,-9.3788965988109,-30.8193029107575
0.31571048608201,-0.0841138430356266,9.80692116291726,-0.0016550275615762,0.000690633699886675,0.00168350402858254,-4.16960478639408,-7.44081731656223,-30.8728485685222
0.328652212247908,-0.0895808016523738,9.80491535722671,0.00112690268043152,-5.03746837383123e-05,0.000398757544277554,-3.17067939629058,-8.09655138376518,-30.6884186882835
0.320103285783587,-0.0728895642328203,9.83599723828904,-0.000452878458815714,0.000736654267205079,0.000669781532637319,-2.78742916838028,-8.29475862110128,-29.6514001615135
0.333148101624594,-0.0741750870481662,9.82837106195597,-0.00312559768561049,0.00387519803537783,-0.000272815237793907,-3.43703320935187,-8.18273126951259,-29.3108692624566
0.318531345477372,-0.0752995263500805,9.82552336115815,0.000232820171990405,0.00256974092668155,0.00151039512388113,-3.17267459234895,-8.6093506707974,-29.9216259811689
0.333421705191116,-0.0608230189210657,9.82999075507855,-0.000493472994003827,0.00256773963064002,-0.00100754683887135,-2.23667468203925,-7.87524703860306,-29.9030866020215
0.362114570327955,-0.080869037870618,9.85034444084244,-0.00192690225726724,0.00311617842426756,6.13920952254861e-05,-3.11923460873433,-8.07902887245139,-30.26442557739
0.31676606929866,-0.0589388286102302,9.83556207414814,-0.00100635208598706,0.00197327492998942,0.000804979157348298,-3.32009220895458,-8.19232917973469,-31.0724565783476
0.320541497582426,-0.0670399049146343,9.80701201819444,-0.0020635951718041,7.69981799235501e-05,-0.000710339315977157,-3.65183164598119,-8.43662552901102,-30.2546559149564
0.322089213538261,-0.0668386310471541,9.83663070884936,-0.000347950857944613,0.00102191659070698,-6.18089652659343e-05,-3.83234549695002,-8.11297174050043,-29.6099714662261
0.318728212284593,-0.0606071067521307,9.82725572535876,-0.00291235928951998,-0.000914124035913786,-2.54690295890441e-05,-3.37915770121205,-9.27971982937614,-30.8544372459664
0.330224391059655,-0.0810020725838302,9.82790138997189,-0.00286377443200808,0.00115302774252694,0.000179759097251097,-2.76490123645862,-8.99482623738038,-31.1469431952544
0.332682412675829,-0.086870879693092,9.81818309984063,-0.00121797486670291,0.00150888265136639,-0.000140416946183316,-3.27166276150138,-8.21845389610369,-30.2647645286929
0.320673062678064,-0.0636503294286408,9.81062236762367,-0.0024499530870998,0.000100087695608801,-0.000609193573357594,-2.89613779459336,-7.48086708524389,-29.9949580119772
0.321130775827407,-0.07686817484894,9.81758851991866,-0.00259709419948309,-0.000304251669751211,-0.000529303508060898,-2.76963746168568,-8.46084098564515,-29.4197089678755
0.306598123711981,-0.0754655334880232,9.82957009826184,-0.00291264704082713,0.00047556628781645,0.000657507973347164,-4.01258372550897,-9.15563773105939,-29.8279260196745
0.317853600112355,-0.0409108996298199,9.82683205243992,-0.0019089608733847,0.000249322598465012,5.04294425342608e-05,-2.73210927457019,-8.84317615596498,-30.2762845643356
0.307428574148923,-0.0586353723970437,9.84491159731764,-0.00329620566441881,-0.000479410998305246,-0.000517255481106082,-3.46517527818727,-8.54146119657301,-30.5985469181882
0.309532431105977,-0.0681404051219149,9.80993910797221,-0.00296247415491309,-0.000194091948747074,0.000483953420040651,-3.53978467110095,-8.53028389636926,-30.2576327044353
0.305894513927463,-0.0890618943843663,9.81094311153373,-0.00357534451220939,0.00270130105439918,0.00320570481493571,-3.2807059200541,-9.52139915721898,-30.0659992879709
0.31412124614702,-0.0980494676159817,9.81770654738272,-0.000936564687617293,0.0012359778117132,-0.000676359326962302,-3.20098611832139,-9.2085134692286,-30.6725074834666
0.315271621689704,-0.0861930391989689,9.81427759313447,-0.00270738922735374,0.00141950932361918,-0.00272103542258222,-3.72911782132732,-8.18304018452245,-30.5313424731839
0.320387404686035,-0.0757703986890114,9.82668987622611,-0.00227952747776593,0.000652829405413475,-0.00118876630220251,-2.78648437516727,-7.90414390894373,-30.4072661855459
0.316178398884421,-0.0722258317464374,9.82250633214469,-0.00270432396729215,-0.000162867175730637,0.000359437906332484,-3.24003484135488,-8.34863076225579,-30.8085444248651
0.323778655334203,-0.0628914933661011,9.81810813745913,-0.00247672110967034,5.14642004793553e-05,-0.000596644629777668,-3.04531460434908,-8.38898555684414,-29.9273499315146
0.311634833372617,-0.101920152833651,9.82414103149423,-0.000533151348028526,0.00151482400413566,0.000397119302948302,-2.16284402196532,-8.44191082138536,-30.7842320524345
0.322050198505477,-0.077411492277856,9.83519055547448,-0.00232583019643798,-0.000577666952699788,3.99518535114726e-05,-3.6349601210967,-8.8451618351533,-30.6153354268491
0.322664102069432,-0.0671772265401705,9.82087804974311,-0.000267688139919852,0.00281520679097318,-0.00225646127804024,-4.19083745064409,-9.12878414660289,-31.0346187387614
0.339749270986682,-0.0685204807467847,9.81358765894132,-0.00090772004524279,0.00040421460342368,-0.00144009716415952,-3.25873091984801,-8.37503161086502,-30.0446261523661
0.317245619436721,-0.0869239812157014,9.80786981699753,-0.00347909453009844,0.000352218001219437,-0.00210343426298704,-3.61576749502417,-7.8551367328674,-30.2258202587894
0.34018187788159,-0.0664093790657542,9.80378227002413,-0.000136086178360883,0.000142569217681027,-0.00063237525355282,-3.23190291438751,-7.81642237382779,-29.942889308138
0.316877688084219,-0.0713473394844185,9.8266573334546,0.00060183214911921,9.39022417045044e-05,0.000116659983900452,-2.74837694029046,-7.44917082997724,-30.3559098287391
0.311152062117035,-0.0803812015586031,9.81470082971587,-0.00146556397467557,0.000944222836604787,-0.00100058093158253,-2.38770770918164,-8.84074030030716,-30.6856275591836
0.33939271075595,-0.0751426999773852,9.82638342360604,-0.00253310643048713,0.00126488747699667,4.78547319339452e-05,-3.47726897217204,-9.27174777040712,-30.1672185724171
0.318782378297913,-0.078006668324588,9.80928563537265,-0.000406321846301205,-0.000199405415442207,-5.71003977411687e-05,-3.32274979870739,-8.48855878254098,-30.3305272677391
0.327564449443571,-0.0663168647575983,9.81756150602987,-0.0010673713543057,0.000123245512856073,7.11950678965521e-05,-2.96879750539639,-7.95964471784514,-29.998616203219
0.328719477976224,-0.0856011636721814,9.81406606612363,-0.00203190555340016,0.000965111223752588,0.000690309661435669,-3.00310592296975,-8.19660629744845,-30.7759901906526
0.338301706065631,-0.0644350003349705,9.82816852771645,-0.00237783709179351,-0.000239182033794606,-0.00109141052540777,-3.84082161367231,-9.1744233558492,-30.9631922826936
0.337913845107742,-0.0758002301182148,9.82058458080918,-0.00149590989974679,2.03547256869861e-06,7.26018432656246e-05,-3.16833015872537,-8.73066418193764,-29.9601607376856
0.323150881704521,-0.0839318794473066,9.82160838175457,-0.00109319632984554,0.00185807363051614,-0.00195679046222655,-2.78710450139488,-7.66797842291069,-29.7815132216598
0.331297111697245,-0.0747440068943657,9.82817961231609,-0.00137325330634722,0.000658505602158343,0.000169916385911831,-3.03538457718422,-8.84975182778046,-28.7659523794837
0.312612866429326,-0.064431708179105,9.84002709327154,0.000584361680091219,5.70852161461827e-05,0.00108161508935079,-3.29821459785466,-8.26420909549969,-29.7921146050651
0.31207957883366,-0.0901201888645244,9.82723876071646,-0.00250566978785242,-0.000354350177557718,0.00177049364914773,-3.66113599687186,-7.48017952162992,-30.3563818112228
0.312215909522351,-0.0573199712342374,9.820252518987,-0.000643050563841559,0.00130536098115168,-0.0014886785101517,-2.59294540467456,-9.49916171778499,-31.1545107628976
0.335831901493261,-0.0723858696595966,9.81339220863257,-0.0013160534764278,0.00113683167651929,-0.000351057552998907,-3.692843222232,-10.1089154882269,-30.4764754408487
0.330238845458061,-0.0916942688078013,9.81849792703533,-0.00386061530673928,0.000907909637604873,0.000375463332660215,-3.41120311580024,-8.37324287673493,-30.7661198603884
0.325471453095274,-0.0877583384253244,9.8307574292513,-0.00185800096820759,-0.000204736328967807,0.000414101413505119,-3.54680976469665,-7.03330797174601,-30.2689913508814
0.32764681245005,-0.1008213266919,9.82550484928895,-0.00369902970083907,0.00133547403287846,-0.00179452955608301,-2.89115151172272,-8.37248785372571,-29.8147453915591
0.338025714499394,-0.0671658004356392,9.80903289148696,-0.00133309883005589,0.00133318443056668,0.000351590740536149,-2.66303961085083,-9.44518836055845,-30.9184856824631
0.319449199412329,-0.0729000145465191,9.82708999817173,-0.00234022045157301,0.000313146181040162,0.000263840411982898,-2.98293534280583,-8.25532093192082,-29.6378472131265
0.306147254598128,-0.0770822183975108,9.82660917153389,-0.00234257976952416,0.000697800671946003,0.000563014009380795,-2.72177643025493,-8.46116603448039,-30.9792625866693
0.341223223879457,-0.0681039049593322,9.81157756911184,-0.000783964527766612,0.000532282040538707,0.000655454054309287,-4.22122333756769,-8.52328959512286,-31.2471621554426
0.322187866195158,-0.0859074520320062,9.80164469343888,-0.00106805519512671,0.00153832129030977,-0.000149436993276823,-3.52909466440101,-9.43277789178724,-30.2014324310094
0.323085687233393,-0.0804612111147221,9.80360605260375,-0.00141098351896551,0.00268582898117569,-0.00177983699613791,-4.22109573922418,-8.55031650085402,-29.9760288934642
0.327715977985017,-0.0647947820054676,9.83026662316195,-0.00201716053915929,0.00194353543213739,0.00129594117862191,-4.35433741477163,-8.6471460302194,-29.4279093153686
0.308831888920585,-0.0691577820506811,9.82381026422087,-0.00202049306208992,0.00112718501452748,0.000135599469647426,-2.84347180128274,-9.17550449830565,-30.8868988359318
0.357425375238875,-0.0861477193782964,9.81482032645916,-0.00209006801375878,0.00187671332270393,-0.0012049409418514,-3.40257774682282,-9.50289623376341,-31.7536585274587
0.335221080662139,-0.0996173658716887,9.82047145939171,-0.000303269094690092,0.00184868813809473,0.000249383914876129,-3.48449483575575,-9.76628129388758,-30.2083507682729
0.334384623843822,-0.0911016680217552,9.83083005100048,-0.000627230190560777,0.000853856045446598,0.000550746490407103,-2.92820185175531,-8.44294463786887,-29.5068653618193
0.295037685601585,-0.0757933526323001,9.8337496004044,-0.00170569374007698,0.00187337218403056,0.000918185214478229,-3.50615991111881,-7.88047053959876,-30.7987941943211
0.339625535861302,-0.0672415676772439,9.8303961142089,0.000955082738917533,0.000237335536953614,-0.000956814656672797,-3.95144778021603,-8.97088821431469,-31.3109082455587
0.34793080278554,-0.0847373886401736,9.81784121392789,-0.00231459416664648,0.00235253409140962,-0.0010316017404834,-3.64849243309661,-7.76356746309379,-30.2949196162395
0.33715895042377,-0.0798707943754098,9.84717407973574,-0.00237008242061385,-0.000828413132466297,-0.00249146987066696,-3.30467521718875,-8.42150023266245,-30.5781596288784
0.314395827339842,-0.0761808363811813,9.816033332664,0.00014467707878841,0.00244521315805283,-0.000746825683631996,-3.97483519392046,-8.61103208709731,-29.5944890479304
0.330690862354291,-0.0819875045333819,9.81588722518514,-0.00249008349527819,0.00305463195328533,0.000989076455609811,-2.84365507097535,-8.16577241658564,-30.0261351884601
0.310311895164868,-0.0766959532330724,9.81327104058536,-0.00339315500351,0.000852000312893116,0.00124430507520998,-2.34166019554509,-8.67737960357369,-31.0720553463565
0.332505747311009,-0.0748960722939948,9.81277171658876,-0.00196602321491159,0.0014391568735147,-0.00111874611079151,-3.03174991131878,-8.81334405452293,-29.8366575315888
0.317238600633277,-0.0714435235360021,9.81799996432417,-0.00223900499328542,0.00116278650908677,0.000902926494964792,-3.73336361493376,-8.39231436376475,-30.7495666374762
0.312533917043501,-0.0734952875097368,9.81042515407744,-0.000961454659383967,0.00135901907924154,0.00126692205476157,-2.89919268692649,-8.96849126162879,-30.7754749901452
0.330168645143479,-0.0569463576891867,9.80896014693664,-0.00190509728652657,0.000575008309071499,-0.00200586953498518,-2.01962739638201,-8.904699194925,-29.2294979840988
0.325824905521146,-0.0997879715076914,9.80901908223961,-0.00273517859794264,0.00113295761342529,0.00022049527019104,-3.43368371024313,-8.91833188422967,-28.8514313273299
0.322239384714197,-0.0665189767094143,9.81280089132713,-0.00128205224805665,0.000912965960495297,-0.00129896860551236,-3.4188492717376,-8.25697346935656,-30.2451130847798
0.320750986375684,-0.0610877900774464,9.82287460988902,-0.000593643772120958,0.000725794335194402,-0.00116976486430482,-3.24965261841679,-8.35780300294567,-30.7216226925752
0.317416461128377,-0.0782415413718884,9.81066329768721,-0.00160955244867132,0.00268038278260476,-0.000249032784093743,-2.74012972969293,-8.61360550007404,-29.6561543968937
0.345423168286699,-0.0969092995767247,9.81291737500315,-0.000415409426108628,0.00276382782460125,0.000138490348804872,-3.51752881589336,-9.12213959606039,-29.728386184266
0.341530612125533,-0.0738968356735313,9.80194853409002,0.000570430681098868,0.00189652989107435,0.000367296836117835,-3.17258011370922,-8.20625637642311,-31.1373420322514
0.323782636477552,-0.0898900984005292,9.80822128645004,-0.000412753277977857,0.00104719723079282,-0.000981148037515279,-3.18824317726792,-8.83933997971702,-30.0207037536255
0.323563730663966,-0.0762190171608371,9.79550161133841,-0.00289011778545093,0.00223263926652692,1.56991321927048e-05,-2.96816179649476,-8.8388041579919,-30.6573270163235
0.314527435358096,-0.0837892888928349,9.82906786864042,-0.00293006856505766,-0.000647405715197678,-0.000275660895151573,-3.48666318721101,-7.73528943340253,-30.334196751324
0.325565000737626,-0.073770111060347,9.83087824645013,-7.46314040171321e-05,0.00059791232580136,-0.00144307766171862,-3.26883115804483,-7.86665192173503,-30.9643911856434
0.337505358625712,-0.0800477044740685,9.81873533591007,-0.00216045623870714,0.00243853223296592,0.000756893497442875,-2.75339534142146,-8.85485633823284,-30.9973857459687
0.307273919391976,-0.0717582428344877,9.81027854400909,-0.00133348183087867,0.00190310645568391,0.000954256683376967,-2.75426106582237,-9.04069923944709,-29.3518253051802
0.311547116550041,-0.0810861445270254,9.81417728997213,-0.00321686526845603,0.00107658842812606,0.00173742292455558,-2.94921416918087,-6.95333265303397,-29.7847964979157
0.320208452706546,-0.0852655054609815,9.83145284944135,-0.00147347463553101,0.000241278942724941,0.00270258208196164,-2.88413612799629,-8.50054404808543,-29.757000291594
0.315839295291791,-0.073427211747491,9.80904066046858,-0.000500263809085749,0.00333701872356568,-0.00090986817884876,-2.67171004341866,-8.78918090319539,-29.9104558838325
0.329260915654827,-0.0605058224344678,9.82541239936337,-0.000521834448303089,0.000625027029963235,-0.000253379866318772,-1.8141879073396,-8.41450728286161,-29.8260209581318
0.328734598725514,-0.0806777959413212,9.81667265381027,-0.00210808130490429,0.000941625907115256,-0.000684566544628188,-2.50338927985982,-8.01175136848166,-30.5463981166773
0.325939630885606,-0.0788881656589295,9.82210144760139,-0.00568786198744047,0.000643630098049276,-0.00124858456528176,-2.29833958533816,-7.83193237018878,-30.4510488216248
0.344954072139389,-0.0852421778658933,9.82480677573456,-0.00430919321597269,-0.000235971797546236,0.000675213153620969,-2.67884041340232,-8.45430366117898,-30.7765949557997
0.329761383767736,-0.055604303111174,9.81232643997514,-0.00135508823326178,-0.000245651707320541,-0.000448251117582093,-3.61180443722463,-9.57991554773698,-30.9340357366964
0.313830239000302,-0.0855309494023032,9.80274455989267,-0.00162106691269235,0.00208289114082782,-0.00135509054974275,-2.89822069959172,-9.38241549507514,-31.2312530277699
0.314569489707097,-0.0601296589653444,9.80563408017334,-0.00041736952372617,0.000578966375867838,0.00137957907303192,-3.31609287540541,-8.61542520071404,-30.8131397895428
0.299890720470561,-0.0602269071010429,9.81453952832195,-0.00131031150614276,0.000206124885305757,-0.000157281520918116,-3.21231223097676,-8.18417316973762,-30.7952437313571
0.320605684069651,-0.0730905398484454,9.81787087938547,-0.00137222643695674,-0.00045764344963798,0.000942415518110721,-3.53596803096948,-8.02509585639927,-31.1432137759002
0.325184878311088,-0.0903703649483597,9.82555736750971,-0.000634634502955344,-0.00185828101187935,-0.00174037214623485,-3.25386422315652,-7.99014735761653,-31.1553579997768
0.335365446484062,-0.083915867443982,9.81016825646324,-0.000736098426220398,0.000163917485419819,-0.000471130130970984,-3.29163692480252,-8.55243891169101,-30.8577934578902
0.319774460910118,-0.0800727965069257,9.82158951672157,-0.000581776471020873,0.000724054218583713,-0.000267377388877963,-3.11638099085777,-7.83061697069148,-30.7763297424582
0.326819394684449,-0.07991893995389,9.81070847791439,-0.00111450030797224,-0.000294356368497864,0.000481934461237388,-2.78496864579226,-7.91386476154696,-30.5607101397396
0.32151174707627,-0.0638643575261658,9.81898833164421,-0.00127928560850637,0.000200579834757324,-0.000194357927334431,-3.7987606570185,-8.37947902050919,-30.1951246793764
0.322507716499519,-0.0966381843464266,9.81597755237337,-0.00117058267765812,0.000968974365032003,-0.000391462313482601,-2.78794787477571,-8.35645915707119,-30.6404733222527
0.326338363504999,-0.0972135098772478,9.80899868011796,-0.00109206754985522,0.000658422246389403,0.00123099386964761,-2.46191517685662,-8.39557354929194,-30.8015138694336
0.309036328384366,-0.0818651690932132,9.80502737704238,-0.00213106890931871,0.00104856812038757,-0.00100579211004109,-2.71121679043292,-7.86613664355092,-30.4219341450863
0.315596912072868,-0.06303133547479,9.81929546145738,0.000129607990281378,-0.000150361019046973,0.00110392786481792,-3.14389470537437,-8.17658814570068,-29.9759118262706
0.314668340300076,-0.061643410198519,9.82756611555756,-0.00137815490336529,0.00161217831580777,0.000753284793045877,-3.25522078821421,-8.23712408933955,-30.9852499563422
0.319500718942796,-0.0787323516875595,9.80004327995339,-0.000481818052792549,0.0016403280933898,-0.000335984186410147,-3.17549975628194,-7.92134771542935,-31.0925998865911
0.328602262458647,-0.0650745104681625,9.80247905340206,-0.000750930406523749,0.000322632101150722,-0.000320415842158098,-2.62961744949233,-8.62207661121474,-29.6917786219014
0.314042572933974,-0.0428285090921719,9.8149290088091,-0.00155138498892071,-0.00170935887539576,0.000285307144444019,-3.10213717248183,-8.74770670462729,-29.9485408452364
0.320161345898038,-0.0678016545143741,9.82466914973487,-0.00163445622516792,-0.00183627658698313,-0.000928008714063014,-3.84215263872862,-8.68009000573142,-30.3491120184233
0.314345250136816,-0.0854558279968787,9.826647663534,0.00101097811414001,0.000232461510786168,0.0016537342122726,-3.4978174979972,-8.43935000183264,-30.7557946634978
0.320722563746531,-0.0775970803133786,9.81680474724124,-0.00198050673158298,-0.000773680156744355,-0.000292207821619313,-3.30696368833766,-8.91338560224518,-30.718320156129
0.311079601421416,-0.0776679318233839,9.80741032495867,-0.00164603545447775,0.00131364202338389,-0.00165018273427615,-2.01342505957774,-9.89847048010312,-29.9925618514547
0.297891526057624,-0.0915954951113897,9.81262563976623,-0.00117309688164946,0.00258745042895326,-0.000667177596393911,-3.22445484552022,-8.07651422843283,-30.6312541244372
0.308352725007689,-0.0935976258802928,9.8165603889741,0.000509318028396163,0.00105487385753667,-0.000500918872477659,-3.51330493901877,-8.52894923892604,-30.7989319713626
0.318839005926568,-0.0693601407710811,9.80523895060082,-0.0011336322094969,0.000208627661317918,-0.000880562791684937,-2.96244741022615,-8.84664573302509,-30.7990404251676
0.288297233893928,-0.0810170177214529,9.8127951516521,-0.00193792363612667,6.63925537470917e-05,-0.000668788554524636,-3.05904205369528,-7.79515823366922,-29.6993871975066
0.329401891918534,-0.0745066067498289,9.8263440989202,-0.000883796922422627,-0.000888064676524666,-0.000911694217220415,-2.9091846419121,-7.9110886238585,-29.1623028696426
0.305812998335066,-0.0639199856093937,9.82373992234854,-0.000166435613502569,-5.36721683594692e-05,0.0006068421015449,-2.48129954573603,-7.31517271891715,-30.3554976621245
0.322523652096959,-0.0775432333756513,9.84132310061124,-0.00378055494237846,0.00142801733065522,-0.000960719539782337,-2.66741467333348,-7.97472330141779,-30.016069341942
0.333446784388333,-0.080583824650051,9.82234782261308,-0.00135358376972654,0.0013975912462908,0.000126954295980489,-3.08131681658194,-8.72900565638878,-30.2327220381997
0.303244828579395,-0.0806859591997412,9.79736553557557,-0.00411370475623993,0.00212826183660422,0.000867862893145189,-2.51524383779352,-8.41440400571282,-31.1675287539449
0.3140656094818,-0.0740892608529047,9.81996268221336,-0.00117583605817742,0.00115866538719006,0.000631445864921284,-3.10762331733361,-8.67120594240735,-30.1334019981579
0.330418376211658,-0.0807027226031624,9.796610058465,-0.00210826073218264,-0.00206977353063527,-0.000162520127921924,-3.7212514081982,-8.35258772894798,-30.2721203625034
0.333117070567369,-0.0800709239751141,9.82914146741952,-0.00139135434675175,-0.000341106767768677,0.000654540850690875,-3.2670772280344,-9.05429819080101,-30.3626603013197
0.305999431639413,-0.0660976870064119,9.84964553786146,-0.000403750076478731,0.00067382963037697,-0.00276375862254431,-2.84182945130035,-8.4177357198431,-30.0638746486117
0.318761759608924,-0.0738983005481448,9.82922005129411,-0.003506009973473,-3.27875945364087e-05,0.00230009412898259,-3.11189307856823,-7.95279866379701,-30.2660525405566
0.310423070714397,-0.0657130430407408,9.82502192111614,-0.00186875151443674,-8.78061645015807e-05,-0.000531476915890173,-3.44203397824589,-7.66734932295033,-30.2717061506823
0.344565384906905,-0.0736429057822525,9.82753673343296,-0.0025558455519809,-0.000134996723320687,-0.00351982443399237,-3.75895375729153,-7.83130374645174,-30.0077762428424
0.309137087457301,-0.0915386852687622,9.8327354331832,-0.00211569054937938,0.000631005715477202,0.0006910274070043,-3.46843299645425,-8.67946783374022,-30.4243385651139
0.324008615627453,-0.0841405328690894,9.82438202844591,-0.00251202422417268,-0.000665154956348501,0.00011471355080735,-3.10716821551841,-9.00733645767632,-30.2597643749918
0.336662555754111,-0.0868107269991038,9.82391163442609,-0.00136281324814612,0.00080866425731705,-0.000419262774567016,-2.3098013410059,-8.93515647490583,-30.3273820225991
0.319520478450312,-0.098990493339354,9.79911217990383,-0.000454566324993968,0.00126247009040857,-0.00246978974562457,-2.79919120334505,-8.34626479639552,-31.2437905538745
0.323365725220625,-0.0790326808835031,9.82036062686718,-0.0013261000855867,0.00275505773653368,0.00030783505707056,-3.46029750629181,-8.14073160555517,-30.0946945054987
0.307900292292201,-0.0637358299629844,9.82174127306401,-0.0015823744081548,0.00179642725568463,-0.000228610130345837,-3.25629659162507,-7.97893832528349,-30.6441215692831
0.333155767503754,-0.099765865947776,9.82764503318848,-0.00101037087963835,2.16682244415547e-05,0.000115687842703854,-3.81987495665197,-8.92377344779531,-29.9887598304164
0.318337668468149,-0.0762580174048275,9.81472077568811,-0.00217249207669027,-0.00119006479083922,0.000315284592924464,-3.00441580401478,-7.89045706218025,-29.8993862390725
0.325661742140649,-0.0615521610929256,9.82802276344305,-0.00145773144831921,-0.000265703470500783,0.000913333496221456,-3.55467325609936,-8.77147550522352,-30.7009543194183
0.309750238051959,-0.0847014837016276,9.82357397100277,-0.00304067130480266,0.0010223538638729,-0.00110598775381475,-3.66927703816,-9.32040262696328,-30.4305197365063
0.317611995446765,-0.0782874671025936,9.81503442778076,-0.00302155252606254,0.00168007906949163,0.000648640222133043,-3.0468861687059,-8.6895304046136,-31.4635975823414
0.333786706565443,-0.0849852603557846,9.82064167587851,-0.000717714983519369,0.00107780189920685,0.00116851472766211,-3.57626472149617,-8.3008286580707,-30.3725551193986
0.343520328990225,-0.0701375252693202,9.83910616574424,-0.00267074955636813,-0.00125567752533401,-0.000334661925948923,-3.37634504433686,-7.937697012565,-30.9459666040334
0.335353621028641,-0.0891411316480735,9.82338169707252,-0.000857498816457112,0.00299302558822339,-1.77968572924126e-06,-3.43800519578082,-8.78027040278401,-30.7169870740994
0.333050888615578,-0.0749102861409626,9.80944866736615,-0.00118343207302843,0.00112971693128931,0.0013000682885239,-5.04299274764197,-8.79877588013488,-29.5484448632842
0.322596416671556,-0.0782287343754049,9.8184693509785,-0.00162703835006998,0.000933943839207327,0.00137453172614932,-3.57930364519356,-9.08995843958989,-30.7371470533979
0.314280537359981,-0.0889355286328612,9.81291377181374,-0.00156964643090971,0.000970933512169461,8.36685320793951e-05,-3.64790599365624,-8.42420552940522,-30.6501263848471
0.331850722805155,-0.0563935915043606,9.81233736286265,-0.00332801683025746,0.000819157148096515,-0.000436967176695725,-3.41121549488224,-9.04322044238798,-30.5366463281601
0.320471766383277,-0.0664928118945578,9.82179907831533,-0.00309054289603434,0.000560940387739256,0.000686942154602639,-2.02347136783343,-8.33954586550072,-30.2168185007227
0.290511220894051,-0.0944459730641827,9.80841974387569,-0.00308495335328831,0.000713283345740441,-0.00114630037244752,-2.52225303210602,-9.10319270814688,-30.8812623489791
0.304184376350632,-0.0785469663830005,9.81408040842667,-0.00179236770273028,-0.000544061528303207,-0.00271316466893532,-3.02128174976594,-9.57024014147235,-30.8241570159863
0.31438425886139,-0.0885166000789992,9.8231756465342,-0.00151806779837631,0.000499564057366434,-6.49329237734874e-05,-3.19484436093978,-8.26166264612431,-30.252332386648
0.328521500762597,-0.0870774387250184,9.83043462614849,0.000452864757585379,-0.000116995384513785,-0.000741836112002234,-2.34677126775474,-8.23834977843379,-30.7376605947015
0.332171695612346,-0.0804071108164087,9.80268723848932,-0.000725610009474067,-0.00103424510872729,0.00176962628357687,-3.0851908341873,-8.63463230509114,-29.7656594814035
0.320785183419167,-0.0783612570591577,9.8189041739083,-0.000772868148373875,-0.000302755251286167,-0.000795865928008826,-3.76801968874683,-8.69212594017567,-30.5378580410436
0.327458429613303,-0.0883610998939383,9.80881119450885,-0.00104856995368766,-0.000928861935131745,-0.000915155982700129,-2.58057939389494,-9.01964915780327,-30.0601846087546
0.290902061339191,-0.0628546497202799,9.80619988488676,-0.00145613022458616,-0.000264578835313394,-0.00193954192768118,-3.27680237983702,-8.9863361897994,-30.408833968177
0.311941385757291,-0.0823592520339377,9.82767794607418,0.00013988281953211,-0.00027364667474688,-0.00158494442425213,-3.1406291052119,-8.56902884135347,-31.4440570421471
0.334295795455811,-0.0763504791631965,9.83546767986514,1.9746771626502e-05,0.00237531581229457,-0.00121055366034223,-2.92307982047331,-8.56805179373752,-31.2143306896753
0.322381959359085,-0.0836503105120651,9.80676347077763,-0.00351027046669486,0.0015638846231766,-0.00300213939746937,-2.66327039596383,-8.46527338103597,-29.8613195090022
0.32949560905209,-0.0515810291261369,9.8045857506919,-0.00139710950873502,0.00336709785176035,0.000172671924556767,-2.87360055638964,-8.26286072699473,-30.5091992043842
0.325726700555378,-0.0650901027021116,9.83194783771737,0.00192134853420472,0.00245470704096882,-9.70317998125358e-05,-2.72220024799125,-9.36823567572826,-31.153762707365
0.311950920512475,-0.0628295040820062,9.81876314696225,-0.00115468121012092,-0.000727099221464902,0.000443521668188283,-3.13732224972391,-8.75863121221266,-30.4688049029891
0.330594014722416,-0.0819961084386967,9.82848177100305,-0.00228448144602733,0.0023791325742471,0.000609658062536207,-3.39629896832651,-7.78061144862918,-31.1126814280542
0.319264745709012,-0.0839321664023044,9.80889156654678,-0.00199089813908658,-0.00154180796353657,-0.000910771136807254,-4.37691384839529,-8.84242580710281,-30.6512062681543
0.31524876593409,-0.0989851018347351,9.79962613245001,-0.00229781193624371,0.000212593155527644,-0.000845536094514015,-2.97563018007852,-9.00650900675107,-30.2913927520845
0.329088921532849,-0.0560998328869902,9.82676378341161,-0.000642174203602459,0.000510452285065128,-0.00189873527854741,-2.59844254383835,-7.72482383338634,-31.0991895295206
0.333210773962797,-0.0674843150722777,9.81565107894201,-0.00199746788894653,0.00156861773202507,0.000850328421805877,-2.58660956943518,-9.12172344448678,-30.9874182509099
0.309378312977738,-0.0785452470649737,9.80141212312212,-0.000445893221780106,0.000241185986418991,-0.00087888973569399,-2.91498670960641,-8.80237406174366,-29.8412482278542
0.297265665348084,-0.0683292234319937,9.80854289060334,0.000588092967280731,0.000122669894574001,0.000253465952154667,-3.88174090310985,-7.89305536836749,-30.9045230622918
0.298697112221993,-0.08696046992589,9.81330851861556,-0.00323461041932034,0.00196731490282476,0.00207448611913092,-3.23810909071652,-7.90116107091448,-31.0140655759509
0.299462954062797,-0.0861549936715736,9.81284733848986,-0.00180899122474156,0.00234019781552041,-0.000488727108678756,-3.4350914968312,-8.06370586464521,-30.0336932457297
0.317316408130989,-0.0895920127624205,9.80403090201536,-0.000421049273479791,9.39981050845735e-05,-0.0010948318629939,-3.51322258097513,-8.29871382817876,-30.9988022303158
0.301060057334526,-0.0765461697136233,9.81840019128312,-0.00295079595562081,-0.000786588998654476,-0.000377342689471178,-2.4996521839776,-8.67655688364307,-31.3742136834191
0.318797605693431,-0.0816361219748809,9.80686201677747,-0.000809082068696879,0.00221452872825217,-0.000212876621438909,-2.33838783693203,-8.65885121832903,-31.1525811288
0.341281238515627,-0.0718246965815661,9.8011062019187,-0.00109114791506676,0.00152822625050293,-0.000818792657705722,-2.57221381188543,-8.84391145865941,-30.5241139580049
0.303209419253891,-0.0806559162707727,9.83186577137484,-0.00221566285660993,0.000530146949596776,-0.00092673726654579,-3.45436960193148,-8.48105187299512,-30.4015504346095
0.316709666124815,-0.090564380130335,9.80110947134421,-0.000692582087752792,3.62023520731983e-05,-0.000829224287520437,-2.97383167963984,-8.7579608703166,-31.4703254814484
0.317541600672133,-0.0873687247415848,9.81466159279467,-0.00339589461085239,0.00208381120893033,-0.0016721781262281,-3.08538730643589,-8.15739325739645,-31.0039662394908
0.311818158296984,-0.0707551150951903,9.82999242640849,-0.00250532122930733,-0.000638226296038109,0.00148933113774995,-3.42341607037562,-7.82794669724477,-30.3679080219854
0.312888701198122,-0.0933057938131752,9.82263290767722,-0.000932925289979418,0.0015860301018675,-0.00210903156539413,-3.21130795057265,-8.77301076198185,-30.2838457698341
0.308679043545372,-0.0934177240687551,9.82040071040507,-0.00367083140406959,-0.00012342955957909,-0.0011007901906209,-2.69635018458586,-8.74914294250313,-29.7191050633459
0.327473811921714,-0.066290690553491,9.80819476751691,-0.00107880804009384,0.000903376109773311,0.000313927645538004,-2.0819045666195,-8.13547958384521,-30.8475964262502
0.319976170058251,-0.0703239675813828,9.8226951354661,-0.000386015444004937,0.00189903671403386,-0.000999788473119707,-3.43559336093342,-7.93742806667256,-30.5442017987254
0.316974134993743,-0.0701625880028729,9.82867024636212,-0.00108354398773516,-0.00115021346871886,-9.26303596105753e-05,-3.44609620040141,-8.55961143189343,-30.6481945434142
0.31274258982078,-0.0784372158606675,9.80362837489762,-0.00388024731707305,0.0016353286168081,-8.85405543571069e-05,-3.36290064027018,-8.776234617806,-30.0285772795757
0.344077402121697,-0.0651431494502143,9.80290231165935,5.34881455565735e-06,0.000719894981226838,-0.00145898598556008,-3.49602806774508,-9.55792056179575,-30.3171537404203
0.321673694690643,-0.0723518196025061,9.82264842372465,-0.00143933325348071,0.000895786795861679,-0.00136855938200972,-3.09504901906615,-8.32375494217202,-30.1156052591875
0.31321378575739,-0.0792803350778726,9.81119528540244,0.000352972763164844,-0.000204178945163935,0.00154483819713628,-3.38608863072951,-7.99761842008266,-30.1146848266302
0.316774331944771,-0.0984771202603356,9.81250916580684,-0.00269188905382493,0.000802126025184245,-0.000611125766232694,-2.98291157420793,-8.56693406743257,-30.930731942445
0.337148108179748,-0.102324629746388,9.83217039749071,-0.00355301491119955,0.000725308857838277,-0.00125072409765935,-3.2630623732513,-7.26521732066744,-30.1830324147045
0.335638294937684,-0.0679702189147791,9.79769732982312,-0.00163728317167632,0.000808749270437276,-0.00171333532540151,-2.40475522728878,-7.76052609101,-30.714875347421
0.32334710767029,-0.0769163933561339,9.80880998094817,-0.0039524283789071,0.00164543630181939,-0.00146139930933758,-2.65113871495839,-8.35399708264711,-31.3300534560149
0.321018206176763,-0.0815341191256704,9.8160178072926,-0.000895235255126161,0.000340382428793502,-0.00232692391679441,-3.32955672025928,-8.94952353724852,-30.9368683200967
0.313610581715484,-0.0782068251189665,9.8057921431261,0.000159674250090817,0.000135607686606899,0.000886584081031954,-3.02880157533383,-8.07959767447202,-30.7590572319836
0.317982974494399,-0.0876125171548943,9.81025278329553,-0.0036292763380554,0.000339339104659132,0.00196954672584091,-3.296542840049,-8.3338909059949,-30.4894951741555
0.32167663528769,-0.0975221278056775,9.83733814490523,-0.000560746318390731,0.00176295218647419,0.00039673700507805,-3.01830885603542,-9.13499894083617,-31.2198498918095
0.327597506506277,-0.0825132562964845,9.81157640020645,0.000911301478406314,0.00136455816028765,-0.000512544054252813,-2.93239931475383,-8.02343036217221,-30.6181945615801
0.318970925181573,-0.0922083363540259,9.82443579744263,-0.00125609884634349,7.0795459975364e-05,-0.00106218085043345,-2.657145866832,-8.41055143835252,-30.7412280144685
0.324315870937245,-0.0831372072811085,9.82252666842312,-0.000717511645839616,0.00278941381030458,-2.87063255698934e-05,-2.70831891171792,-8.02500241258226,-30.3846188083128
0.323625963111525,-0.0663032192959318,9.81708043924498,-0.000412672658127727,0.000479063519341109,3.93617565658965e-05,-3.86998367837517,-8.31392413900873,-30.7755985822032
0.322908507693192,-0.0737967900216235,9.81970361027493,-0.00230121498370846,4.9430775308107e-05,-0.000326187146960233,-3.14730223610103,-9.12874084873745,-31.2809604627779
0.302074278035857,-0.0790363400863067,9.81725201413197,-0.00129984151032396,0.00175157573926578,-0.00114265624609324,-2.75173633607104,-9.93030180988436,-30.3908033852723
0.328408283220634,-0.0654605110996465,9.82113007436952,-0.000754670553152389,-0.00135666398218145,-0.000477658266934066,-2.24816947938685,-8.66977892825959,-29.7388917340215
0.321885858343427,-0.0610113180779452,9.82407283526839,-0.00206753947199873,0.000850294647002338,-0.000248131544004394,-2.47564463371068,-7.47405013527071,-30.0906409627975
0.32131242898129,-0.0804682703860246,9.81824090536912,-0.00167866974488461,-0.00079493273486645,-0.000810016339133971,-2.85778216665529,-7.74053991711159,-30.2094887532743
0.32195750256264,-0.0789577128254625,9.81438707165574,-0.000397674640787052,-0.000396097318735599,-0.00107013996793303,-3.02804255497849,-9.22781028111049,-29.7630387489196
0.324175620826097,-0.0526865276579412,9.81293238558489,-0.000648236511055137,8.42635391421571e-05,0.000851411299344663,-2.45485551724969,-8.89534269724434,-29.7631738957385
0.30852060898412,-0.0853253866326767,9.816138122316,-0.00136419962958327,-0.00168606131854809,0.000324436043429543,-2.45634389000981,-8.44954105158307,-30.9656862716708
0.322988795159818,-0.0690703899682773,9.82295365355515,-0.0017683411018801,0.00134529511273254,-0.00194709662170746,-2.89806242663454,-8.93151453476475,-29.8084360345988
0.336130988865811,-0.081911188703713,9.81753516498455,-0.00113485553793724,0.00090992189492293,0.00037412186737476,-3.5948964584255,-8.61999968245427,-30.4186902480298
0.34358589521974,-0.0850871844741342,9.82431738111814,-0.0024765247082776,0.00108277893553746,-0.00114155604158106,-3.36414763350583,-8.00367035100979,-30.7121242310112
0.34000445674656,-0.0820356489712336,9.8028809460936,-0.000342082049622696,0.000707133858592474,4.21762606668962e-06,-2.37682452987672,-9.53366310701986,-29.9183562579762
0.314711215742976,-0.0740326578168864,9.80075486790234,-0.00185093218730992,0.000940276394840707,-0.000959548036781532,-3.14833180043029,-8.89900035574101,-30.3737297971488
0.333396898274459,-0.0813022659241798,9.82227274911985,0.000393483326874667,0.00207035014212877,-0.00139339055668044,-3.33653125425792,-8.2117746327965,-29.8075520931143
0.31428154961959,-0.0637146770762751,9.81923034633203,-0.000184502224960891,-0.000303630451012665,0.0001126858716804,-3.08096785748894,-8.93771166145321,-29.5068693415495
0.337051687987028,-0.0861088699424313,9.81007063965488,-0.00284313910268136,8.8282238584566e-05,0.000199919304666629,-3.18629621530186,-9.16772147032487,-30.3886125886527
0.320559791301455,-0.0587858931349117,9.82875854990252,-0.00174817440816922,0.000631196100950086,0.0003238556279641,-2.94639011814238,-7.95345341737996,-30.6487417122691
0.320209420635054,-0.0637734436993464,9.81273703458697,-0.000906766624560497,0.000367869491468864,0.00098775196777307,-2.86305478239767,-7.98158243900443,-30.7072369609034
0.325337378317946,-0.0860314287865005,9.8024019652953,-0.00187151067739358,3.18773696793304e-05,-0.00229991183317567,-3.14463264115877,-8.36289990481439,-30.8334621392764
0.329269838283485,-0.0633190859241831,9.82602980218611,-0.000910609915557658,0.0028181555910178,-0.00133259200600855,-3.07188356108383,-8.93480860695902,-30.0886861639425
0.3231671146783,-0.0869046094355736,9.80581267280271,0.00047650754482726,0.000235747876405293,-0.00117836839103105,-3.45991696369336,-9.35530831843175,-30.1530156500357
0.349043477270244,-0.0740739712630575,9.82042903574169,-0.0010539038150558,-0.000329301213822525,-0.000801440506517622,-3.86134520103585,-8.46137110031214,-30.9278906324607
0.318654345293504,-0.0650729531429642,9.82336986204258,-0.00271346766140663,0.00142185786995043,-0.0020145061226676,-3.60898996615404,-8.25911026202679,-31.2940779377862
0.344878610480912,-0.0717001405848259,9.80812172967003,-0.00175788036784226,-0.000785012444550093,-0.00066596611320475,-3.82447903355047,-8.90919705543574,-31.4716377135525
0.339412699379404,-0.0719885218928818,9.8250888283484,0.00039057029421579,-0.000844836418197343,0.00117781640967916,-3.03257311754161,-8.7951150096641,-30.7543907992451
0.31928832926937,-0.0814327341050035,9.79126936732268,-0.000881656059689327,0.000441708952862799,0.00120702474679692,-3.56662979360112,-8.27512011234443,-31.1069431302839
0.333974054531701,-0.0661328513135919,9.80155084249803,-0.00181615411705878,0.000896238228496833,-0.000165497359328819,-2.69378848874188,-8.63748577595207,-30.3976368369329
0.336895318524815,-0.0741669863339264,9.81749878804633,-0.00113759990704362,0.00152959740785022,0.000820885035951962,-2.26329478542577,-8.55802125516489,-29.6651414471594
0.332476493662613,-0.0740327300746586,9.8289901123191,-0.00171400948791377,0.00164460536026876,0.00175130336370119,-2.86168038361794,-8.77724047722278,-30.3465904759602
0.329718591475697,-0.0704596057748066,9.81030312100886,-0.00136246770512949,-0.00107297271304072,0.000382773773069349,-2.42926739433346,-8.97465118446415,-30.9410953606905
0.321040445755791,-0.101757816073062,9.82702776004188,-0.00255095383550973,0.000381356195698595,-0.000594806997023424,-3.5656950582422,-8.42691626252502,-30.3023988468741
0.35657348606514,-0.0917279039632881,9.83929829825955,-0.00125974381912649,0.00110988456260926,0.000940487455708547,-2.82783621147403,-8.41374911490404,-29.8392814671509
0.31121608348271,-0.0657846355605764,9.80977567520288,-0.000371939902834445,0.00183682674064646,-0.00116597483416327,-2.16236198042573,-8.2269177900992,-29.9142010064088
0.34620055338632,-0.0764613522906436,9.80807034148972,-0.00144655799091279,0.0025929259042761,-0.00201925979764078,-3.24116105000969,-7.81270017697331,-29.6210586675693
0.337784527213666,-0.0486917240742452,9.8044861090359,-0.000963237215432784,-0.000125824831650036,0.000298411785569319,-2.62670974978035,-7.72028504506144,-30.7239987736372
0.319883260291196,-0.061065704721177,9.80163535948869,-0.00179541959529238,0.000270756404979591,0.000494406203508686,-2.54143855248481,-8.74821931586823,-30.8424776457908
0.332414703332572,-0.0678959807204953,9.81223173220086,-0.000510535644700984,0.000608266041385586,0.00145118705428429,-3.12054900118309,-9.16499191775061,-30.4668217506559
0.329120181307706,-0.0772678180835475,9.79440942641466,-0.00141854982135195,0.000237137583617176,0.000875922644274491,-2.95844993258339,-8.52274241043148,-30.7958058453741
0.340195307601863,-0.0853298438457968,9.81047218233972,-0.00215273209748619,-0.000644778383043276,-0.00124789691925867,-2.49983469852806,-7.68848428517886,-30.9990847865026
0.309028545048054,-0.0782355018134482,9.81993048453485,-0.000978635653829301,0.00127468905918912,-0.0012400960531426,-2.3592168405335,-8.8690827842824,-30.9926449237565
0.310831665598501,-0.0703237910158513,9.83101122129217,-0.00331872937400089,-0.000704949651706536,0.00134077804192197,-3.21177236110736,-9.01885077058826,-31.0884185303895
0.333944712291344,-0.0828429616563607,9.81280615405416,-0.00184931842298232,0.000375906427386183,0.000499496027770022,-3.16560482462547,-8.21180079044521,-30.9081147298437
0.30127900799321,-0.0859965308069544,9.81978101310449,-0.00166870692189,-0.000331492909170961,-0.000923098206090139,-3.58831608401002,-8.14266432235191,-29.9647270754641
0.327052273176954,-0.0738247425432182,9.81550323261922,-0.00405230615384424,0.000367921621426213,-0.00169091053938238,-3.34116064759275,-7.97793562227244,-29.7172052750638
0.31813125948332,-0.0724354686898229,9.81223733864284,-0.00185637942388014,0.00142347038695257,0.00186224867692781,-3.27111469833882,-8.74191651701375,-30.1819367534267
0.337164002899714,-0.0951266253304637,9.81717474110823,5.2399853074958e-06,0.000742234045295529,-0.00106723920872357,-3.19628431405129,-9.11104544433341,-30.8366432359329
0.343681288985391,-0.0745819368101184,9.81544481926526,-0.00304917409582879,0.000845031139358398,-0.00188006208153248,-2.94525969441444,-8.14616448826832,-31.4132610087867
0.334030964212097,-0.0874905583899224,9.80352624452229,0.000125635501954471,0.00167100412942881,-7.57325442864107e-06,-3.09336493889929,-7.46796048346274,-30.042841805247
0.324122133242064,-0.085137835453871,9.8076421335429,-0.00229021514766539,0.000279168325994657,0.000316099880567875,-3.93829438955832,-9.10443217594493,-29.2156952731202
0.328336447318732,-0.0634270633991578,9.81064163623191,-0.0010208058930613,0.000452161124416697,-8.67022786512586e-05,-3.99281001297019,-8.47501465157126,-30.5423588117552
0.340162163897421,-0.0876844971424574,9.81370882123451,-0.000895916613009593,0.000903884944811649,-0.00089364223886398,-3.22643046805552,-7.6891852307846,-30.2247179139303
0.314466207526826,-0.0825993137231914,9.81886962488217,-0.000784441061894268,0.00139568860940259,-0.00214168232442306,-3.20734642553532,-9.04515621852237,-30.7149460660112
0.296718693724078,-0.083564066261836,9.80618887343851,0.000360416869726321,0.000943252434306786,-0.00284015682229175,-3.02475059184592,-9.04141491463849,-30.7557481561456
0.314643645977796,-0.0785248979589977,9.82395108066371,0.000413424187718045,0.00255110769695616,0.000490364785402011,-3.08438546901099,-8.46548100508984,-30.2519217797434
0.312298928319202,-0.081638453000537,9.81422828076317,-0.00163789394934039,-0.000333924219724216,-0.00268731831516677,-3.09087973837112,-8.74060210275916,-29.7282537177664
0.323460832936524,-0.0938319888465069,9.80752500717932,0.000751597966851429,0.000857194202592446,7.39403452176401e-05,-2.93414564695264,-8.23109633332616,-30.9197680182633
0.311324440909143,-0.0707185179779253,9.82776958754908,-0.00194408855419434,0.00244091118965624,-0.00133173775331731,-2.74483731478641,-7.77382409169715,-31.8222758651778
0.337956766868363,-0.0703257368335816,9.81718166259801,-0.0038526358984525,-5.15450747164557e-05,-9.6921278807906e-05,-3.28374295248933,-8.3614008246159,-30.7033819513517
0.325010881113841,-0.0994350961194332,9.82651927731089,-0.000496114847003134,0.00159569915081118,-0.000469631679203166,-3.25176620527442,-8.53740078840414,-30.1963290403903
0.320829127624067,-0.0817141670155743,9.82160702422147,-0.000758059795963905,0.00151917296796933,-0.00266990878401876,-1.76056019127855,-8.66756298734298,-31.0453405548755
0.33831975610554,-0.0620662054434396,9.8271413130069,-0.00174925858219146,0.000910263210864484,-0.000170753387098947,-2.50530946730219,-8.90621538432315,-31.0952795288874
0.304442608758817,-0.0522224780933254,9.81630481217247,-0.000928758477174398,0.003794176717939,-0.000123468483089279,-2.75923992131303,-9.0071787147261,-31.0373906283815
0.328102087177065,-0.0709547835910194,9.81920991989296,-0.000722240944002062,0.000633688612396108,0.00157326902213152,-3.0716503896368,-8.44911251794056,-30.8430755798405
0.34662221901452,-0.102198159778604,9.81159810367795,0.000498458369356662,0.000554576399115596,-0.000563448488500622,-3.47001291427509,-7.63742821163951,-31.3983953074177
0.328573810215139,-0.0663123339867734,9.81617788023024,-0.00025645485166849,0.00185781964550009,0.000713924959758993,-3.20036949608126,-8.41210330273269,-30.4616537402472
0.336677143259329,-0.0770621078718365,9.81157705893693,-0.000840567555911271,0.000217217360533838,-0.000159399460913355,-2.72727131277224,-8.85730590202084,-30.0255989704403
0.340287520679558,-0.0688065393451192,9.82857297731922,-0.00218370847166632,4.5595124854001e-05,-0.00139959083511893,-2.3115463473886,-9.23401507236764,-30.34735218698
0.339884430758021,-0.0533694459262248,9.8187666285156,-0.00195683346524943,0.00175904185189132,-0.00246194674687328,-2.25113514350501,-9.13570819763456,-30.333427890542
0.316402896005107,-0.0581663250304835,9.80691096136484,-0.00175579522488631,0.00126569207083242,-0.00217548790969705,-2.74086072667988,-8.60886476256431,-31.0577806733398
0.32024887462743,-0.0786405653880216,9.80591620465758,0.000383737791968337,0.00123828525827026,0.000207148900920918,-3.22303435005863,-7.85004340248631,-30.4408044527208
0.341795327442706,-0.0645938408329107,9.79553696632323,-0.00217892453138658,0.000295836876803998,-0.00129970497246232,-3.08510565232276,-7.53689778309012,-29.9586819354141
0.305880296461248,-0.0912251081834718,9.82943155416914,-0.00121809088900938,0.00190312714955875,-0.000241905685641753,-3.8015967481585,-8.19661589762666,-29.8135283082394
0.317673046722678,-0.0661504990494693,9.83053394487443,-0.00287983339614608,-0.000394926302470451,-0.000677493466081467,-3.23747364285538,-9.07274282770402,-30.8712738754712
0.335667655001623,-0.0840493150904412,9.8322471209597,-0.000895291431852076,0.000867030979385144,-0.00080068400535622,-3.74677562346212,-7.98640113051151,-30.9528120950199
0.341095486672384,-0.086849306039838,9.81056300369044,-0.00121128032855156,0.00246566842009707,-0.00177554313810293,-2.96614316462465,-7.993750564873,-29.9994679113793
0.310553258227285,-0.0773963893170458,9.80626082696747,-0.000839706884257082,0.00146170059822044,0.000924503603936142,-2.83250671343661,-8.84190976777998,-30.7587183319214
0.337001097251132,-0.0906227651808768,9.79532056563085,-0.00307949816721457,-5.05932697094675e-05,7.63714827650622e-05,-2.91262288362439,-8.74607006008764,-29.4114257036678
0.327113193106777,-0.0786097575683319,9.80315730008164,-0.00269795959085329,0.0020354388635299,-0.000170617417826528,-2.5267857146509,-8.01742230347521,-30.111288893538
0.317783773154239,-0.0843023889319925,9.83272581009108,0.00016473436361121,0.00039914772944841,-6.67426413992702e-05,-2.86268881630074,-8.6150936395479,-30.1500358277908
0.318698147678749,-0.0973123484770908,9.81312066290088,-0.00191061887057813,0.00221363706667433,-0.000563170303779437,-3.03901975549955,-9.64428508919419,-29.9724872964389
0.351341445087776,-0.0652096064079082,9.81315770467761,-0.000109605790005519,0.00154448134492819,-0.00036879468706086,-2.37699708757651,-9.70054133436832,-31.6566028636216
0.333435905598391,-0.0882503892014781,9.80546683947371,-0.000498012148026402,0.00137949093214161,0.00113798425270955,-2.19403478733412,-8.39872657398939,-30.9419912265035
0.312563977206417,-0.075914374920042,9.83674148069654,-0.000825762920656864,0.00128560039723624,0.00104157872927964,-3.33159506448878,-8.38824117720339,-31.4120296642693
0.330866940942984,-0.0676817701039112,9.82167106290277,-0.0017097740213299,0.00175165270503941,0.000331485878882196,-2.87911714534296,-8.39381774033238,-30.4166184555158
0.331318699868578,-0.0684055999063311,9.81766075732448,-0.00253675600822919,0.00235804268229148,-0.00122227995833682,-2.37467453177033,-8.7553570229392,-29.6137281048117
0.314279456860988,-0.0805914323728652,9.82470892329098,-0.00198587537911886,-0.000715697874757652,-0.000434131095633336,-4.06385274578758,-8.13904911142846,-30.2296162568415
0.309741262643276,-0.0642616225167514,9.81330077398475,-0.000352752787088282,0.0020089023944411,0.000446538532567343,-2.32264456087758,-8.74416450541036,-31.1831455857658
0.332971850020034,-0.0653591384438306,9.80860217194081,0.000359743218702702,0.00101643674579495,-0.000557054816858009,-3.26642201171805,-9.48901541350857,-31.0967573787189
0.29997751086185,-0.101038425936056,9.82492667196296,-0.00158426567071184,0.0010349779501072,-0.000915373133335632,-3.76604433123246,-9.00237063765081,-31.2810914905354
0.326494932181287,-0.0640836115841231,9.82946150751653,-0.000538445555155692,0.00103053737787157,0.00221127803283417,-3.0051018955905,-7.82652495024155,-30.6767230267068
0.337410628936622,-0.0854850427811129,9.82080346991571,-0.00349203219855405,0.000723073607456421,0.000386699417332834,-3.10024907913379,-8.9142978306191,-30.0734251918488
0.349135982793115,-0.0741749641557728,9.80270820895864,0.000333889725719296,-8.12761013475182e-05,-0.000636315256834678,-3.07050718118688,-8.90379260893824,-29.6010353825277
0.291359657896265,-0.0850888649512442,9.80432069269734,-0.00347949833534733,0.00129175089418765,0.00172727940143323,-3.67480853537972,-8.48900724909761,-30.6379090309015
0.319105693585086,-0.0746728826187282,9.80742981933847,-0.00205516604511783,0.00321531055113527,0.000601794787126335,-3.57573480159912,-8.73627059555147,-31.1044857097912
0.336010786931243,-0.0516593424570985,9.8273616401207,0.000208204134131043,0.00353738863461174,-0.000326795777934206,-2.71452651183508,-8.23976313826435,-30.6506539928213
0.3104623172541,-0.0709554730481259,9.82936413549428,-0.00342221818753352,0.000105660962764722,-0.000143176297943426,-3.36920426272531,-8.42428662174248,-30.9989951922057
0.337134233598579,-0.0740560343479055,9.81448677801065,-0.00132893976646888,7.64938362909751e-05,0.000200480720564825,-2.84280393334312,-8.14237571124254,-30.5330455862175
0.314874404895603,-0.0798836891064117,9.80067418265769,-0.00349732787158465,0.00230164995984225,-0.000338700893998619,-2.18035801589472,-7.40650871717836,-31.2184792910632
0.321019273718686,-0.0916455762099637,9.81168380847165,-0.00153195993119578,-0.000209345360946227,-0.00213448615525763,-2.82734378702169,-8.47497891805832,-30.0574627192257
0.313091497969465,-0.0918496891765554,9.80646285254795,0.000477999604714399,0.00142969508720492,-0.000144170250150521,-2.59231897678509,-8.69496625454384,-30.0834932599088
0.335960562540226,-0.0745948692719119,9.80611475070215,-0.00155827980636906,0.00230762783963674,0.000416824939216573,-3.22488691556808,-8.85918004355721,-29.5559590765915
0.325797354573895,-0.0634684850957815,9.82940786236199,-0.00105499927612574,0.00130579961714513,0.000387432388977219,-1.86436962001746,-9.84577475590294,-29.5444831440168
0.330712216085215,-0.0765995059425695,9.82129205686243,-0.00117259723699596,-0.000209178003916512,0.000340623927203621,-2.86838506677721,-9.00111912024821,-30.325966343782
0.303250271799297,-0.0646121653601117,9.7992803902481,-0.00143907241586064,0.00165819156583178,0.000539772104681954,-2.42781114818497,-8.3103792307143,-31.426538926439
0.327294107224356,-0.0803350109728397,9.79951344007709,-0.00156887778514762,0.00307835278677404,0.00125864487594726,-2.66969745640777,-8.36519982720701,-31.6983405651359
0.32333356091192,-0.076058516339557,9.82613995036851,-0.000865372534976344,0.00289627374041297,0.000292137993509744,-3.41144827547819,-8.14321525407608,-29.7696335683143
0.326645020415007,-0.0907736873470087,9.8142485834571,0.000251182306252689,0.00130396456315234,-0.00244762603212542,-3.11635277437232,-8.46404482349255,-29.3010675610725
0.340286907455811,-0.0987943705672901,9.79914427714439,-0.00168380086025243,0.00247066136216956,0.00170080171083251,-3.27477409420676,-8.90019816427757,-30.5122216382084
0.328113649763049,-0.0776741765091658,9.79617293841761,2.1704907094726e-05,0.00353233002605811,0.00175721070474291,-3.30109630514983,-8.29523828196212,-30.2230386290692
0.315890434055381,-0.0668934565728055,9.83199454048203,-0.000287789640449696,0.001306848556563,0.000272716323082858,-3.18723123114095,-8.96097205050367,-30.1798284352487
0.330730989641136,-0.0734787021960742,9.8157449216064,-0.00220130952160205,0.00135057948499083,-0.00102077708500215,-4.0826477937367,-8.96305361438444,-30.880242082475
0.315933250652422,-0.0862324983204139,9.81959859031035,-0.00270654346851385,0.0028072780553919,-0.00183082608044357,-3.21337840701576,-8.90600109137118,-30.933108779689
0.313728930866614,-0.0794560576063563,9.81262873226986,-0.0019209177313759,-6.12687310901916e-05,0.000999110207684259,-3.08532295015668,-8.18274715395744,-30.150460882058
0.307628290801729,-0.0689588802898979,9.80598951823537,-0.00127955782446004,0.00228761897997397,-0.00142896670830374,-3.49898306211395,-8.2979684623495,-30.5548076392692
0.321679055020653,-0.083556000736293,9.82439095973221,-4.70432092388347e-05,0.0022502623424417,-0.000706589016461153,-3.32579519926996,-8.80110354923328,-30.5732839880534
0.313908797270323,-0.0851249494497641,9.82113622017703,-0.00121365301406793,0.00375139385627636,-0.00064491376027904,-3.0670468284376,-8.63528833026957,-29.3875733489034
0.32575597879917,-0.0734637089075204,9.81585093062899,0.000101685398590024,0.00153651353014404,-0.000208916058026924,-3.66679707207275,-8.20476931939744,-29.740190704557
0.315412762837207,-0.0788535205712865,9.82030270349454,0.000936694026129645,0.000753685196071278,-0.00196901171684166,-3.39932529488288,-8.16773429056681,-31.6042523048333
0.326342960846678,-0.0787255839976794,9.80175047578601,-0.00081056176577413,0.00255128247587718,-0.00201326931785295,-3.00764226701945,-8.12715091844979,-31.3666315321839
0.325661653872189,-0.08398498523192,9.82031199828563,-7.17813764866847e-06,0.00140125247397366,-0.00123731731629732,-2.78802770836628,-9.28031596594536,-30.4582065204318
0.34243881047529,-0.104409162716457,9.80553994272983,-0.000408578013084128,0.000648646762053985,-0.000682676861499357,-3.05470150566248,-9.1425050633397,-31.4242651108903
0.320404295406092,-0.0931136286841907,9.81631119534871,0.000554616032362566,0.000931966566056884,0.00168850391501392,-3.31836858383145,-8.63733864723321,-31.1635758129082
0.33119843438358,-0.0885462406977714,9.81957985015529,-0.00132838094355203,0.00173205983541287,0.000478397428337355,-3.87768340408633,-8.01720448441099,-29.9038319074852
0.318706683567171,-0.0813286467344227,9.82154041000257,-0.00232175612628239,0.0015336445701607,-1.97051622449958e-05,-3.83669246488029,-8.40577743435141,-30.3373579224669
0.302004228793735,-0.0950917555479536,9.81901320908137,-0.00162698315303506,0.000599207766411021,-0.00196022610672999,-3.87933016819418,-8.8687558478328,-30.0247144821917
0.329872790268666,-0.0695854202410315,9.79899484883033,-0.000575958920524626,0.00200381637882874,-0.00313269352533047,-2.77145755568229,-9.37157029705117,-29.3482015825798
0.307743860766534,-0.0912240629465351,9.81149012578617,-0.000307735133407126,-7.08139980794974e-05,-0.000318289644179336,-1.95631128622875,-8.79524044863743,-30.1189393023557
0.323636434809007,-0.0890742132510673,9.82379776717534,-0.00219678647492128,-0.00107842032958168,-0.000932038439640664,-3.54681223180516,-8.68392849170025,-30.8936248090317
0.35336727600378,-0.0536350458772646,9.81278310429215,-0.0016926678851375,0.000349785097326442,-0.000259304704137533,-3.40658709660888,-8.31237589391295,-30.8351549598076
0.335224174432709,-0.067322904231063,9.80841822949332,-0.000672373459369566,0.00314155842478852,7.28405637882204e-05,-2.98000825843545,-8.63855755322287,-30.3597605050835
0.313084399737054,-0.0612064303654733,9.81875285052589,-0.00275457143026724,0.00110089551977736,-0.00244194368702945,-3.71923721255532,-8.96530345884354,-30.5648790136302
0.328999199888232,-0.0750743011955751,9.80914833106075,-0.000736355681556363,0.000175196789766215,-0.00230203957720393,-3.28892295643325,-7.93380543646589,-30.7671110053478
0.318924795552668,-0.0780355687701554,9.81489083058215,-0.00237610493130125,0.00429713405047872,0.000499020311501476,-3.39304501538512,-7.47822251710396,-30.5026169953969
0.325363772741489,-0.0586280397555574,9.78652352106639,-0.00139225111199348,0.000904638763050936,-0.000408151950046054,-2.33634397238583,-7.91859177152103,-29.5822291978567
0.339968674100182,-0.080822590914648,9.82175986530229,-0.0020097672071858,0.0011104728230114,0.000137638849644666,-2.58438634357974,-8.949840000324,-29.8966684723023
0.310221336053298,-0.103521315232841,9.82489009673938,-0.00290658182796352,0.000751378894454975,-0.00114518392911578,-2.9477653632634,-8.39631521106517,-30.7915919327498
0.321437335919366,-0.0984721584439097,9.83054390065781,-0.00272964661874239,0.000925092435020075,0.00150428271955921,-3.4206230452683,-8.31479172486787,-30.4534972862391
0.315758164684521,-0.0723167111215588,9.81125088453856,-0.000948838374749313,-0.00169353794369943,0.00149788565657295,-2.89878452360146,-8.72699614012136,-29.3876660568127
0.326334496846196,-0.068463979312169,9.79316600441258,-0.00112346771085019,0.00048245247152226,-0.00113384477048767,-3.8237092756949,-8.67710602180952,-30.0200784627241
0.331308866280103,-0.0748735894284661,9.8040331923206,4.85144751626416e-05,1.22382803582015e-05,-1.94223566883042e-05,-3.22308173936146,-8.9464872480184,-29.8835632469776
0.331336270638867,-0.0649273059337728,9.80991132428953,-0.0012460899981428,0.00192898555417452,0.000113423645969305,-2.32806292925992,-8.21822843413641,-30.482309991412
0.313632349621661,-0.0780930624626895,9.81178267487607,-0.00173579770952243,0.00140611285419638,4.37855449802935e-05,-2.67534161065969,-8.8856196860295,-30.9343659036348
0.305450065665835,-0.0748846266920419,9.81447852389867,-0.00105330131934532,0.00222406167927516,-0.00232354496898171,-3.33663572941053,-9.1958683879377,-30.2566992365771
0.317859470116703,-0.0516343075680707,9.81970662102982,-0.00267298706356259,0.00268429733492264,0.00134993149465275,-2.71459691401082,-8.08750703987934,-30.90682357212
0.324729459681855,-0.0689618460225744,9.82498723890047,-0.00311871799360622,0.00135179580861415,0.000611222539560866,-3.35794248902007,-7.49360122342323,-30.7492626589454
0.328264744115617,-0.0756651825484148,9.81308141451099,-0.00247464833573248,0.00207966897447139,-0.000400525401550061,-4.240646198789,-8.13722055195407,-30.207054036859
0.326746162508145,-0.0734642966681884,9.82675542064767,-0.000582648925781705,-0.000691577801642251,-0.00142435972110906,-3.63339642014586,-8.49889781058795,-30.5646345938056
0.341848454107124,-0.0939483533548312,9.80259900961978,-0.000677468068272159,0.000663655653660189,0.000791110958416544,-3.61740665885641,-8.0297369280727,-31.0715159092148
0.325872388275939,-0.0719974958285287,9.80890770075005,-0.00256848962813,0.00113819233271409,-9.88843770589422e-05,-3.10783545944572,-8.73055042282264,-31.0396952439621
0.322878690319859,-0.0736122582564212,9.82404988414291,-0.0030600130882998,0.000208105855130557,-4.07122222291072e-05,-3.1092804270123,-8.32510086331991,-30.4180987723622
0.334285691154859,-0.0771957182501577,9.82146704979699,-0.000603193056894315,0.000577841385076223,0.00185290381460794,-2.87043665879379,-8.05839624027171,-30.6069706189643
0.30162931065586,-0.0926329840902053,9.8161485084385,0.000707469447267101,0.000447540098720594,0.000324975679225243,-3.28614772589987,-9.04603471840066,-30.4707144550537
0.30274752873479,-0.0781750822626742,9.81343189935545,-0.00215762224915256,8.82953475738018e-05,-0.00162752570969063,-3.53032407263597,-9.04865691412061,-30.9100063319886
0.302089214265757,-0.0919117341392364,9.81211424569685,9.39853745728991e-05,0.00127023751185663,0.000161998518194288,-3.57683818903293,-8.50583415001735,-30.5467194179759
0.311341800333993,-0.0871555023998534,9.8191563242887,0.000771276825647958,0.000420527052037836,0.00170092959990557,-3.24686305675962,-10.0369289635669,-30.3959701372517
0.309025425314911,-0.0715972798608174,9.82573184618769,-0.000188942002879649,-0.00068256741371879,0.000584320445598499,-2.94887088079166,-9.29505131759601,-30.0460517979489
0.315749274388182,-0.0499345045856503,9.80371557240621,-0.00158610063678874,-0.0018587151777683,-0.000221108413954142,-3.14851990682528,-8.26799887873696,-30.2656652624555
0.339039302067599,-0.0826437150877243,9.82197148512751,-0.00186531630642449,0.000947992671204948,6.5516822301549e-05,-2.52094831725723,-8.43652800724808,-29.9255906265212
0.332613909141682,-0.084246454785333,9.82725762864254,-0.00165047185727156,-0.00104269631151603,-0.00128524066184898,-3.44975929777405,-8.59281945503771,-29.0977323783616
0.340090293934306,-0.068486177871679,9.81858224049669,-0.00218469658343524,-0.000131425972223901,-0.00064907628504519,-3.41673322095594,-9.03092988861934,-29.6840068852451
0.327646197202711,-0.0727386863354452,9.82468590376324,-0.000443175574857713,0.000717489612438282,-0.0010841733123395,-3.0623068424423,-8.44399482348624,-29.859915779742
0.334324499357388,-0.0705297283163527,9.80492799668297,-0.00244598435498485,0.0012183561517237,-0.000475238947452012,-3.22647435001849,-8.68342208739276,-30.4599229096273
0.348569206036927,-0.0725184419183589,9.80930257798155,-0.000847979833563398,0.000245375902442557,0.00167061476695056,-3.73052989052072,-8.09932057239248,-31.0182933538333
0.337568907022687,-0.0834853591194821,9.8216270343294,-0.00297703696176595,0.000958898571523177,0.000190056124910282,-3.43974193240976,-7.96948097968253,-30.4136236234074
0.330356254395954,-0.0859113201095063,9.83251020992956,-0.00240487675554473,0.00160247434808688,-0.00127338531433063,-3.00207085419057,-8.53846759962673,-30.182610846155
0.327875870758701,-0.0703103678269259,9.80895718971982,-0.000708577703255104,7.13671735308707e-05,9.63923845407965e-05,-3.47564397062447,-8.49982807978371,-29.9214133567172
0.327097792311084,-0.0810741890942397,9.80145976994896,-0.00161395502999346,-0.00118609114742655,0.000172042671206396,-2.96226920515572,-7.91639253450877,-29.9986646981119
0.324617479474409,-0.0693185112470985,9.82895185991634,-0.000895790062805253,0.00244518558472145,-0.000350305797414482,-3.01054965794917,-8.51179158003997,-30.6009549714368
0.330998932739033,-0.0582565988823116,9.82825539280898,-0.000215611617312933,-0.000227151579404708,-0.000838362020271962,-2.84777038682917,-8.66033707011661,-30.5139559490247
0.344979313538914,-0.0801136509788541,9.82397193944454,-0.0022231563458497,0.00158182242259089,0.00020902102744454,-1.67561084132538,-9.13595822442919,-30.6809028296492
0.291866235831293,-0.0543477054710987,9.82667504532609,0.00113908551088178,0.00185873556247649,0.00052307681507517,-2.82718644398313,-8.8840033667261,-30.4293070683041
0.352156222895273,-0.090242327993426,9.82955762480406,-0.00121492529885168,4.41190631872881e-05,0.000290224620534362,-3.0662869460232,-8.70973553842161,-30.3123939036901
0.315196407398721,-0.0944495851570449,9.82004927315042,-0.00211373479912,0.00151285850227642,0.00015570425000606,-2.79742409966746,-8.89716124574086,-30.4059347770618
0.316480026505666,-0.0876583454557377,9.7959038065785,0.000316300697319297,0.00082080723620395,-0.000422397808035902,-2.51819541554376,-8.74295434941378,-30.8319317666669
0.341236359821116,-0.0560841075441013,9.82044447672088,-0.00173974202806649,-0.000898659400778534,5.38531226065681e-05,-2.58197870226722,-8.38729735767821,-30.4603426451221
0.323394268180656,-0.0769226826459566,9.82963421910472,-0.00276032418023316,0.00245320843207244,0.00100980306876979,-2.92343362828055,-8.40604224379443,-30.7805693082254
0.320235062952583,-0.0807167756077466,9.81931058212233,-0.0033339158992879,0.000123720032763657,0.000136736445214166,-2.64483980160845,-8.06982557280996,-31.2892839445471
0.32493345621968,-0.0632365387993075,9.82021145399113,-0.0015544916119103,-0.00174925004402133,0.000999164843085046,-2.85452519720574,-7.69711118883249,-30.498952965056
0.324349064321736,-0.0599425777746538,9.83694031772238,-0.00170779876220174,-0.00113879980037279,0.00287841457504319,-2.07114802374283,-8.52668974088931,-29.9937044468857
0.32287519374362,-0.0679125163447665,9.8483652474434,0.00130589296269964,0.0015849777235584,0.00057658024798667,-2.7100851675737,-8.16289056438113,-30.3408369339194
0.328461991282157,-0.0782214322882611,9.81719262952993,-0.000702350110142211,-0.000450077974702023,0.000390011912713822,-3.44804053945042,-8.6126327210549,-31.1091250025984
0.336235397218974,-0.0793199369612761,9.84842766579989,-0.000303759093079127,-0.00153916581555552,-0.00217214185728406,-2.49937223040768,-9.17193066274283,-31.4239483528659
0.328708733836562,-0.0737092399864533,9.81255713717154,0.00150807428572622,-0.000948708916360723,-0.00194441628967324,-2.95032405628945,-7.96806536730897,-31.0170528811026
0.334450911623164,-0.0917788160787275,9.85734127966584,-0.00167674412551607,0.00153179652558562,0.000838369564328162,-3.28192529141867,-7.73798237228128,-30.1696857119794
0.334087424931816,-0.0805894823259363,9.75480644851513,0.000752864280261864,0.00211028429794701,0.000779749584445391,-3.28810512155758,-8.72275098754393,-30.4573819499572
0.31667790494719,-0.0820889902363718,9.93793994229507,0.000529476707482672,-0.00017045160046918,0.00147818193225376,-3.48508593340166,-9.18028188424507,-31.9036997568659
0.323820094273573,-0.0797711721688458,9.67317528355403,-0.00250116679341152,0.000676102661217881,-0.000524569081437623,-3.08856983792441,-8.45369227513284,-29.4371964251062
0.344817928395426,-0.0614918264152917,10.0631694006342,-0.00168945514839225,0.00130992076865419,-0.00043863051528301,-3.45360621348941,-8.69703545796883,-30.802245189739
0.321234553982611,-0.0663722759669643,9.36967457892111,-0.00117861925260945,-0.000345073728633754,-0.00171344900331053,-3.00039267645405,-8.46627687488354,-28.9172224361559
0.337987814144579,-0.0623818657503041,10.6611648994923,-0.00269456859475033,0.00109545293014554,-0.000254436884557553,-3.29801743289129,-9.14611540921147,-33.0662009228088
0.17032417488105,-0.0425076792924549,5.28127632759826,-0.000365197437003304,0.000144394988242867,0.000146134617300679,-1.96231508572314,-4.52672686035661,-16.3197343788344
